1,:,hcqbmwc.gts,4967
2,:,hsbhwb.clj,5512
3,:,pwgswq.fld,277125
4,:,qdzr.btl,42131
5,:,vmbnlzgb.wbd,144372
6,:cvt:,bcqrmp.czf,146042
7,:cvt:,hvfvt.qtb,243293
8,:cvt:,lrpb,245795
9,:cvt:,qlqqmndd.zcb,181756
10,:cvt:,rtfzt.tjp,18658
11,:cvt:bbgsthsd:,djfww.fcb,236957
12,:cvt:bbgsthsd:,hcqbmwc.gts,112286
13,:cvt:bbgsthsd:,qggjrzts,106102
14,:cvt:chhdjtlw:,cpcfcc,226927
15,:cvt:chhdjtlw:,djfww,309815
16,:cvt:chhdjtlw:,hcqbmwc.gts,117933
17,:cvt:chhdjtlw:,pwgswq.fld,131558
18,:cvt:chhdjtlw:,qlqqmndd.zcb,298691
19,:cvt:chhdjtlw:mbdrgfzs:,hvfvt.dvq,164331
20,:cvt:chhdjtlw:pbmcnpzf:,bjgg.cqd,102120
21,:cvt:cpcfcc:,ddc,15756
22,:cvt:cpcfcc:,pwgswq.fld,200345
23,:cvt:cpcfcc:,qlqqmndd.zcb,145508
24,:cvt:cpcfcc:dqc:,mzp,92063
25,:cvt:cpcfcc:dqc:,zdjwr.blc,8423
26,:cvt:cpcfcc:dqc:cpcfcc:hvfvt:,pwgswq.fld,289372
27,:cvt:cpcfcc:dqc:cpcfcc:hvfvt:,qlqqmndd.zcb,307397
28,:cvt:cpcfcc:dqc:qmhnvmh:,jczjwdl.smd,274778
29,:cvt:cpcfcc:dqc:qmhnvmh:,ngrrfm,194322
30,:cvt:cpcfcc:dqc:snqqcjlw:,nprvrgd.tbb,182851
31,:cvt:cpcfcc:glm:,hpq.hgm,188702
32,:cvt:cpcfcc:jbszm:,pwgswq.fld,187645
33,:cvt:cpcfcc:vcptbw:mgqd:,rhldvntj.jzm,157695
34,:cvt:cpcfcc:vcptbw:mgqd:,rjnngctw,268696
35,:cvt:cpcfcc:zrtm:,bcqrmp.czf,218820
36,:cvt:cpcfcc:zrtm:,czpsl.dnf,172319
37,:cvt:cpcfcc:zrtm:,hcqbmwc.gts,180114
38,:cvt:cpcfcc:zrtm:,hvfvt.nnw,165216
39,:cvt:cpcfcc:zrtm:zft:,dtqjg.czv,161245
40,:cvt:cpcfcc:zrtm:zft:,hpq.hgm,249888
41,:cvt:cpcfcc:zrtm:zft:,zft,192037
42,:cvt:dch:,qlqqmndd.zcb,42136
43,:cvt:dch:,zrtm,271200
44,:cvt:dch:djfww:,dct,37427
45,:cvt:dch:djfww:,hcqbmwc.gts,204401
46,:cvt:dch:djfww:,jmq,283140
47,:cvt:dch:djfww:,pncb.bmp,154148
48,:cvt:dch:djfww:,vzt.cnn,53366
49,:cvt:dch:djfww:lbrhbc:,djfww.pps,153648
50,:cvt:dch:djfww:lbrhbc:,mvtjzp.btg,308911
51,:cvt:dch:djfww:lbrhbc:,ncmc,219150
52,:cvt:dch:djfww:lbrhbc:,wqft.ggb,253604
53,:cvt:dch:djfww:lbrhbc:,zft,293759
54,:cvt:dch:djfww:lbrhbc:djfww:,hcqbmwc.gts,24794
55,:cvt:dch:fzqgwwnf:,scdd.pwr,233720
56,:cvt:dch:hqvmq:,hpq.hgm,85564
57,:cvt:dch:hqvmq:,wtnl.crs,81509
58,:cvt:dch:hqvmq:cdld:,llpltsgn.tqb,293421
59,:cvt:dch:hqvmq:cpcfcc:,cglljgv,230813
60,:cvt:dch:hqvmq:cpcfcc:,qlqqmndd.zcb,178203
61,:cvt:dch:hqvmq:cpcfcc:,zrtm.tbt,186410
62,:cvt:dch:hqvmq:djfww:,zrtm,201830
63,:cvt:dch:hqvmq:qnc:,bdf.jrh,305356
64,:cvt:dch:hqvmq:qnc:zrtm:bdhdrr:nffdrnb:,nbrjz,301601
65,:cvt:dch:mmcrzqc:,hpq.hgm,264271
66,:cvt:dch:mmcrzqc:,tzsjrf.zdc,208744
67,:cvt:dch:mmcrzqc:,zft,274096
68,:cvt:dch:mmcrzqc:cpcfcc:,cpcfcc,226054
69,:cvt:dch:vdtlh:,bzlg.crn,84229
70,:cvt:dch:vdtlh:,cpcfcc.zqw,58668
71,:cvt:dch:vdtlh:,hpq.hgm,141409
72,:cvt:dch:vdtlh:,pstsh.qwv,37090
73,:cvt:dch:vdtlh:,qlqqmndd.zcb,40357
74,:cvt:dch:vdtlh:mdgst:,fsmvbpsl.nqr,151033
75,:cvt:dch:vdtlh:smr:,cpcfcc.dpg,140764
76,:cvt:dch:vdtlh:sqbgcsgh:,dvm,263783
77,:cvt:dch:vdtlh:sqbgcsgh:,hpq.hgm,105219
78,:cvt:dch:vdtlh:sqbgcsgh:,hwcgv.gvg,29647
79,:cvt:dch:vdtlh:sqbgcsgh:,lwjhgh.wmt,162537
80,:cvt:dch:vdtlh:sqbgcsgh:,nlw,235511
81,:cvt:dch:vdtlh:sqbgcsgh:djfww:,vcgpvpd,260084
82,:cvt:dch:vdtlh:sqbgcsgh:zwddrdfz:,bhrzzw,225632
83,:cvt:dch:vdtlh:sqbgcsgh:zwddrdfz:,cqq.vrz,269756
84,:cvt:dch:vdtlh:trp:,vqwngcs,233192
85,:cvt:dch:wfltm:,djfww,140990
86,:cvt:djb:,cjwrs.prd,213191
87,:cvt:djb:,jwhp,208325
88,:cvt:djb:,qlqqmndd.zcb,301446
89,:cvt:djb:dhvpqt:sbcj:,ggt,20611
90,:cvt:djb:gtgftm:,qcqbtmvq,179526
91,:cvt:djb:hvfvt:,hvfvt.tjm,63889
92,:cvt:djb:hvfvt:,qlqqmndd.zcb,265836
93,:cvt:djb:hvfvt:,zft,105663
94,:cvt:djb:hvfvt:,zft.llg,223582
95,:cvt:djb:hvfvt:,zzwwg.lqh,26037
96,:cvt:djb:hvfvt:djstcnrt:,hcqbmwc.gts,201498
97,:cvt:djb:hvfvt:djstcnrt:,hpq.hgm,139156
98,:cvt:djb:hvfvt:djstcnrt:,pshgz.rtp,277342
99,:cvt:djb:hvfvt:djstcnrt:,rqrb.lhh,257294
100,:cvt:djb:hvfvt:djstcnrt:,zft.dvc,313308
101,:cvt:djb:hvfvt:djstcnrt:rjb:,hpq.hgm,268438
102,:cvt:djb:hvfvt:djstcnrt:rjb:,mzbcgqc.nvw,161024
103,:cvt:djb:hvfvt:djstcnrt:rjb:,pwgswq.fld,137875
104,:cvt:djb:hvfvt:djstcnrt:rjb:,pzzcww,260008
105,:cvt:djb:hvfvt:djstcnrt:rjb:,wnvlrg.tmn,283261
106,:cvt:djb:hvfvt:djstcnrt:rjb:hvfvt:,hcqbmwc.gts,163397
107,:cvt:djb:hvfvt:djstcnrt:rjb:hvfvt:,pwgswq.fld,265154
108,:cvt:djb:hvfvt:djstcnrt:rjb:hvfvt:dvwqqt:,hcqbmwc.gts,315187
109,:cvt:djb:hvfvt:djstcnrt:rjb:hvfvt:trsh:ssrdpg:vjdc:srvdrhdq:,djfww,74145
110,:cvt:djb:hvfvt:djstcnrt:rjb:hvfvt:vnf:djfww:,pwgswq.fld,184018
111,:cvt:djb:hvfvt:djstcnrt:rjb:hvwpb:jwpjrcvs:cpcfcc:,sdlv,52191
112,:cvt:djb:hvfvt:djstcnrt:tqnbfnt:,fmpb.lnp,206341
113,:cvt:djb:hvfvt:djstcnrt:tqnbfnt:,hcqbmwc.gts,4589
114,:cvt:djb:hvfvt:djstcnrt:tqnbfnt:,hvfvt.hdz,8796
115,:cvt:djb:hvfvt:djstcnrt:tqnbfnt:,tgcdpjc.fjm,238364
116,:cvt:djb:hvfvt:djstcnrt:tqnbfnt:,zrtm.fsr,40577
117,:cvt:djb:hvfvt:djstcnrt:tqnbfnt:djfww:,djfww.rbf,217182
118,:cvt:djb:hvfvt:djstcnrt:tqnbfnt:fpsjg:,djfww,52456
119,:cvt:djb:hvfvt:djstcnrt:tqnbfnt:hvfvt:,szwgzm.qjd,275026
120,:cvt:djb:hvfvt:djstcnrt:tqnbfnt:hvfvt:rqhzvb:,gcmzsd.jzf,8395
121,:cvt:djb:hvfvt:djstcnrt:tqnbfnt:hvfvt:zbmtstj:,qlqqmndd.zcb,39691
122,:cvt:djb:hvfvt:djstcnrt:tqnbfnt:hvfvt:zbmtstj:,rwl.zwr,180676
123,:cvt:djb:hvfvt:djstcnrt:tqnbfnt:hvfvt:zbmtstj:qqcdss:,zrtm.nsl,106297
124,:cvt:djb:hvfvt:djstcnrt:tqnbfnt:zrtm:,ldhvt,153478
125,:cvt:djb:hvfvt:hggpvn:,cpcfcc.fbh,19109
126,:cvt:djb:hvfvt:hggpvn:,fnqjc,249168
127,:cvt:djb:hvfvt:hggpvn:,qgzsh.pfs,207420
128,:cvt:djb:hvfvt:hggpvn:,qlqqmndd.zcb,135472
129,:cvt:djb:hvfvt:hvfvt:,hcqbmwc.gts,213659
130,:cvt:djb:hvfvt:hvfvt:,nvbgf,204021
131,:cvt:djb:hvfvt:hvfvt:,qlqqmndd.zcb,185328
132,:cvt:djb:hvfvt:hvfvt:djfww:,rwmm.gjt,180713
133,:cvt:djb:hvfvt:hvfvt:jzdwq:,djfww.qtm,57424
134,:cvt:djb:hvfvt:hvfvt:jzdwq:,slq.bfp,104960
135,:cvt:djb:hvfvt:hvfvt:jzdwq:,svc,174906
136,:cvt:djb:hvfvt:hvfvt:zrtm:mrtvhht:,djfww.fvm,188512
137,:cvt:djb:qnlbgvf:,jhbnml.lpq,46767
138,:cvt:djb:qnlbgvf:fjrhtssv:,fgcc,198664
139,:cvt:djb:qnlbgvf:fjrhtssv:,tsc.rsd,245142
140,:cvt:djb:tps:,gwch.ttr,146731
141,:cvt:djb:tps:,wff.mqt,191609
142,:cvt:djb:tps:fmlwghjv:,zrtm.vgg,189227
143,:cvt:djb:tps:jjzmdd:,mpdfrrm,178057
144,:cvt:djb:tps:jjzmdd:,pwgswq.fld,49493
145,:cvt:djb:tps:jjzmdd:,sqgfb.flm,220129
146,:cvt:djb:tps:jjzmdd:,zrmsnmr,231012
147,:cvt:djb:tps:jjzmdd:hvfvt:,mnclbss,12602
148,:cvt:djb:tps:jjzmdd:hvfvt:,ppw,746
149,:cvt:djb:tps:jjzmdd:hvfvt:lbndbhc:,cdqvs.gwc,49601
150,:cvt:djb:tps:jjzmdd:hvfvt:lbndbhc:,wvjpchjg,158670
151,:cvt:djb:tps:rtltrng:,hvfvt,115613
152,:cvt:djb:tps:rtltrng:,zfs,59441
153,:cvt:djb:tps:rtltrng:cpgh:djfww:tgt:vqwvqss:bsdrhz:pld:,mfs.gsb,8543
154,:cvt:djb:zft:fhjgg:,pwgswq.fld,114494
155,:cvt:djb:zrtm:,tlhr.rtd,201142
156,:cvt:djb:zrtm:,wlcztszv,298232
157,:cvt:djb:zwnlm:,hcqbmwc.gts,240023
158,:cvt:djb:zwnlm:,hpq.hgm,159126
159,:cvt:djb:zwnlm:,hvfvt.bfw,22101
160,:cvt:djb:zwnlm:ltzl:,hpq.hgm,260692
161,:cvt:djb:zwnlm:ltzl:,hvfvt,204540
162,:cvt:djb:zwnlm:mtfr:,pwgswq.fld,15391
163,:cvt:djb:zwnlm:sbw:,hcqbmwc.gts,293226
164,:cvt:djb:zwnlm:sbw:,htllcq,267478
165,:cvt:djb:zwnlm:sbw:,nlbhcf.vpn,176349
166,:cvt:djb:zwnlm:sbw:,zft.gds,286577
167,:cvt:djb:zwnlm:sqscdjlj:,gnh,128776
168,:cvt:djb:zwnlm:sqscdjlj:,qlsn.vdq,284505
169,:cvt:djb:zwnlm:sqscdjlj:qbdpvcbt:,crv.hgm,280709
170,:cvt:djb:zwnlm:ssf:,djfww.pjn,13328
171,:cvt:djb:zwnlm:ssf:,hvfvt,19971
172,:cvt:djb:zwnlm:ssf:zft:,dnmnz,97761
173,:cvt:djfww:,bwfnnf.wpd,109590
174,:cvt:djfww:,cmht.ljg,297297
175,:cvt:djfww:,hvfvt,280726
176,:cvt:drdf:,pwgswq.fld,56764
177,:cvt:drdf:,wqqm,300547
178,:cvt:drdf:,zrtm.jvq,210698
179,:cvt:fgbqtjlj:,vrmgsz.ctg,22217
180,:cvt:hjsmmj:,bcqrmp.czf,232911
181,:cvt:hjsmmj:,hcqbmwc.gts,164656
182,:cvt:hjsmmj:jql:,zhnhn.lzm,212767
183,:cvt:hjsmmj:jql:zrtm:,bcqrmp.czf,35950
184,:cvt:hjsmmj:ntd:vml:,bcqrmp.czf,60833
185,:cvt:hjsmmj:prgm:,pwgswq.fld,316166
186,:cvt:hjsmmj:psfvhh:,pwgswq.fld,152195
187,:cvt:hjsmmj:psfvhh:,qlqqmndd.zcb,92448
188,:cvt:hjsmmj:zft:,hpq.hgm,95808
189,:cvt:msptbrl:,hpq.hgm,256069
190,:cvt:slpc:,djfww.gcm,285380
191,:cvt:slpc:,hcqbmwc.gts,169898
192,:cvt:slpc:,mnpnhpz,40914
193,:cvt:slpc:,pwgswq.fld,188062
194,:cvt:slpc:djfww:,pwgswq.fld,94935
195,:cvt:slpc:djfww:,qlqqmndd.zcb,70655
196,:cvt:slpc:djfww:,zft.qvh,48528
197,:cvt:slpc:zrtm:,hcqbmwc.gts,160137
198,:hvfvt:,prwq,129407
199,:hvfvt:cslthslv:,hcqbmwc.gts,158361
200,:hvfvt:cslthslv:cpcfcc:zpgnczq:,zft,158414
201,:hvfvt:vrzfbtt:,nqvvl,185263
202,:phwgv:,bzpcj.fcj,253690
203,:phwgv:,zdsh.tnq,168025
204,:phwgv:,zsdfqb.zbd,157840
205,:phwgv:wtbr:lvgdb:,cpcfcc.dzr,177751
206,:svw:,hpq.hgm,189430
207,:svw:,qlqqmndd.zcb,13384
208,:svw:,wdvqhwgl.trq,10333
209,:svw:,zwzp.jsn,161318
210,:svw:cpcfcc:,hcqbmwc.gts,298999
211,:svw:cpcfcc:,hpq.hgm,290883
212,:svw:cpcfcc:,wlrmg.bpc,5547
213,:svw:cpcfcc:qlnntp:,nqds.tqn,168562
214,:svw:cpcfcc:vpshs:,pwgswq.fld,246400
215,:svw:cpcfcc:zft:,hvfvt.hst,235634
216,:svw:ntzbj:,qlqqmndd.zcb,98777
217,:zft:,hvfvt.pvb,299292
218,:zft:dhnzm:,bbsj,267041
219,:zft:ltfb:,bcqrmp.czf,242136
220,:zft:ltfb:,dgdz,314862
221,:zft:ltfb:,hcqbmwc.gts,203160
222,:zft:ltfb:,hgvz,80422
223,:zft:ltfb:,sstl.wzg,180815
224,:zft:ltfb:qftjfqfv:bmmw:,hvfvt.whc,318039
225,:zft:ltfb:qftjfqfv:bmmw:,pwgswq.fld,17057
226,:zft:ltfb:qftjfqfv:bmmw:hvfvt:,brplf.wgv,170348
227,:zft:ltfb:qftjfqfv:bmmw:hvfvt:,hcqbmwc.gts,156783
228,:zft:ltfb:wmhm:,bcqrmp.czf,178474
229,:zft:ltfb:wmhm:,htjflrs.tlm,225393
230,:zft:ltfb:wmhm:,nsmdd.glc,273173
231,:zft:ltfb:wmhm:,pwgswq.fld,151259
232,:zft:ltfb:wmhm:cmsgv:flgjbjg:,cpcfcc,13971
233,:zft:ltfb:wmhm:cmsgv:flgjbjg:,qlqqmndd.zcb,20601
234,:zft:ltfb:wmhm:dcfvrtj:,djfww.djn,141992
235,:zft:ltfb:wmhm:dcfvrtj:,hpq.hgm,118149
236,:zft:ltfb:wmhm:dcfvrtj:qrmqslq:,zrtm.vql,105940
237,:zft:ltfb:wmhm:hvfvt:,hpq.hgm,181962
238,:zft:ltfb:wmhm:nlrs:,vnfwjf.hhl,82705
239,:zft:ltfb:wmhm:ztqvwjr:,pwgswq.fld,98257
240,:zft:ltfb:wmhm:ztqvwjr:,scv.pbp,83864
241,:zft:ltfb:zft:,rsbfsl.zsj,183072
242,:zft:ltfb:zszp:hvfvt:djfww:,rnmbsq.zph,117037
243,:zft:ltfb:zszp:hvfvt:djfww:,zrtm.znf,259243
244,:zft:ltfb:zszp:hvfvt:dqdtgjtg:,zft,59301
245,:zft:ltfb:zszp:hvfvt:dqdtgjtg:lrbsvng:,bcqrmp.czf,46301
246,:zft:ltfb:zszp:hvfvt:hvfvt:,qlqqmndd.zcb,223277
247,:zft:mrvsjgsq:,cpcfcc,160189
248,:zft:mrvsjgsq:,pwgswq.fld,232626
249,:zft:mrvsjgsq:lzqf:,bcqrmp.czf,135552
250,:zft:mrvsjgsq:lzqf:,qlqqmndd.zcb,48083
251,:zft:mrvsjgsq:lzqf:,rdswb.cjz,229086
252,:zft:mrvsjgsq:lzqf:,spbwfrwf.cmj,204486
253,:zft:mrvsjgsq:lzqf:rbg:sjdwsbqq:,rhv.shw,270621
254,:zft:mrvsjgsq:rpmfcg:,bld.jtn,227216
255,:zft:mrvsjgsq:rpmfcg:zft:,vzc,43056
256,:zft:ntr:,wffvmql.lrv,195371
257,:zft:ntr:cmtnqb:,pbng.vhq,135380
258,:zft:ntr:djfww:fmvrrrq:,djfww,79110
259,:zft:ntr:djfww:fmvrrrq:,ftcdj.wcc,300581
260,:zft:ntr:djfww:fmvrrrq:cpcfcc:,zsgsm,234211
261,:zft:ntr:djfww:mbhrbss:,djfww.gwh,149184
262,:zft:ntr:djfww:mbhrbss:,rhgw.rmj,185815
263,:zft:ntr:djfww:zrtm:zft:,bnwvt.fbg,310043
264,:zft:swmvhgd:,djfww.jwr,77547
265,:zft:swmvhgd:,drggg,318547
266,:zft:swmvhgd:,pwgswq.fld,300962
267,:zft:zrtm:,bflnffjj,229319
268,:zft:zrtm:,hvfvt,142526
269,:zft:zrtm:,jprrf,232722
270,:zft:zrtm:,ndmf.hdr,94024
271,:zft:zrtm:djfww:,bcqrmp.czf,30770
272,:zft:zrtm:vhdhn:,djfww.frg,48261
273,:zft:zrtm:vhdhn:,qlqqmndd.zcb,316163
274,:zft:zrtm:vhdhn:djfww:,cvjlthn.cfl,104095
275,:zft:zrtm:vhdhn:djfww:,hgqwzh,223454
276,:zft:zrtm:vhdhn:djfww:,pwgswq.fld,24715
277,:zft:zrtm:vhdhn:djfww:,qlqqmndd.zcb,283499
278,:zft:zrtm:vhdhn:djfww:,zlnwn,224574
279,:zft:zrtm:vhdhn:djfww:zft:,pwgswq.fld,100941
280,:zft:zrtm:vhdhn:gqc:,wpgwrdl,156273
